intervention,mean,count,std,median
turn_index + speakers_in_dialogue,0.06281806320339553,14,0.032880786996983005,0.06207820781121556
turn_index + speakers_in_dialogue + speaker_turn_count,0.058022513797547394,6,0.04790464944833645,0.06806525240024353
speakers_in_dialogue + speaker_turn_count,0.026996287088206766,3,0.08871651436785634,0.06615315082271783
